Experiment Accession,SRA,Experiment Title,Organism Name,Instrument,Submitter,Study Accession,Study Title,Sample Accession,Sample Title,"Total Size, Mb",Total RUNs,Total Spots,Total Bases,Library Name,Library Strategy,Library Source,Library Selection
SRX22576480,SRR26881956,GSM7908621: YPS606 TF yap1 mutant NaCl stress Rep4; Saccharomyces cerevisiae; RNA-Seq,Saccharomyces cerevisiae,Illumina HiSeq 4000,"Lewis Lab, Biological Sciences, University of Arka",SRP472901,Natural variation in yeast reveals multiple paths for acquiring higher stress resistance,SRS19584041,,297.11,1,16376092,835180692,GSM7908621,RNA-Seq,TRANSCRIPTOMIC,cDNA
SRX22576479,SRR26881955,GSM7908620: YPS606 TF yap1 mutant NaCl stress Rep3; Saccharomyces cerevisiae; RNA-Seq,Saccharomyces cerevisiae,Illumina HiSeq 4000,"Lewis Lab, Biological Sciences, University of Arka",SRP472901,Natural variation in yeast reveals multiple paths for acquiring higher stress resistance,SRS19584042,,279.59,1,15334209,782044659,GSM7908620,RNA-Seq,TRANSCRIPTOMIC,cDNA
SRX22576478,SRR26881954,GSM7908619: YPS606 TF yap1 mutant NaCl stress Rep2; Saccharomyces cerevisiae; RNA-Seq,Saccharomyces cerevisiae,Illumina HiSeq 4000,"Lewis Lab, Biological Sciences, University of Arka",SRP472901,Natural variation in yeast reveals multiple paths for acquiring higher stress resistance,SRS19584040,,275.64,1,15261953,763097650,GSM7908619,RNA-Seq,TRANSCRIPTOMIC,cDNA
SRX22576477,SRR26881953,GSM7908618: YPS606 TF yap1 mutant NaCl stress Rep1; Saccharomyces cerevisiae; RNA-Seq,Saccharomyces cerevisiae,Illumina HiSeq 4000,"Lewis Lab, Biological Sciences, University of Arka",SRP472901,Natural variation in yeast reveals multiple paths for acquiring higher stress resistance,SRS19584038,,284.39,1,15742543,787127150,GSM7908618,RNA-Seq,TRANSCRIPTOMIC,cDNA
SRX22576476,SRR26881952,GSM7908617: YPS606 TF yap1 mutant unstressed Rep4; Saccharomyces cerevisiae; RNA-Seq,Saccharomyces cerevisiae,Illumina HiSeq 4000,"Lewis Lab, Biological Sciences, University of Arka",SRP472901,Natural variation in yeast reveals multiple paths for acquiring higher stress resistance,SRS19584039,,208.38,1,11407038,581758938,GSM7908617,RNA-Seq,TRANSCRIPTOMIC,cDNA
SRX22576475,SRR26881961,GSM7908568: YPS606 unstressed Rep1; Saccharomyces cerevisiae; RNA-Seq,Saccharomyces cerevisiae,Illumina HiSeq 4000,"Lewis Lab, Biological Sciences, University of Arka",SRP472901,Natural variation in yeast reveals multiple paths for acquiring higher stress resistance,SRS19584037,,315.48,1,14763423,738171150,GSM7908568,RNA-Seq,TRANSCRIPTOMIC,cDNA
SRX22576474,SRR26881960,GSM7908567: YPS606 ethanol stress Rep3; Saccharomyces cerevisiae; RNA-Seq,Saccharomyces cerevisiae,Illumina HiSeq 4000,"Lewis Lab, Biological Sciences, University of Arka",SRP472901,Natural variation in yeast reveals multiple paths for acquiring higher stress resistance,SRS19584036,,343.83,1,17275398,863769900,GSM7908567,RNA-Seq,TRANSCRIPTOMIC,cDNA
SRX22576473,SRR26881959,GSM7908566: YPS606 ethanol stress Rep2; Saccharomyces cerevisiae; RNA-Seq,Saccharomyces cerevisiae,Illumina HiSeq 4000,"Lewis Lab, Biological Sciences, University of Arka",SRP472901,Natural variation in yeast reveals multiple paths for acquiring higher stress resistance,SRS19584035,,320.88,1,16542014,827100700,GSM7908566,RNA-Seq,TRANSCRIPTOMIC,cDNA
SRX22576472,SRR26881958,GSM7908565: YPS606 ethanol stress Rep1; Saccharomyces cerevisiae; RNA-Seq,Saccharomyces cerevisiae,Illumina HiSeq 4000,"Lewis Lab, Biological Sciences, University of Arka",SRP472901,Natural variation in yeast reveals multiple paths for acquiring higher stress resistance,SRS19584034,,332.04,1,15465579,773278950,GSM7908565,RNA-Seq,TRANSCRIPTOMIC,cDNA
SRX22576471,SRR26881957,GSM7908564: YPS163 NaCl stress Rep3; Saccharomyces cerevisiae; RNA-Seq,Saccharomyces cerevisiae,Illumina HiSeq 4000,"Lewis Lab, Biological Sciences, University of Arka",SRP472901,Natural variation in yeast reveals multiple paths for acquiring higher stress resistance,SRS19584033,,294.36,1,14754596,737729800,GSM7908564,RNA-Seq,TRANSCRIPTOMIC,cDNA
SRX22576470,SRR26881966,GSM7908563: YPS163 NaCl stress Rep2; Saccharomyces cerevisiae; RNA-Seq,Saccharomyces cerevisiae,Illumina HiSeq 4000,"Lewis Lab, Biological Sciences, University of Arka",SRP472901,Natural variation in yeast reveals multiple paths for acquiring higher stress resistance,SRS19584032,,259.44,1,13320127,666006350,GSM7908563,RNA-Seq,TRANSCRIPTOMIC,cDNA
SRX22576469,SRR26881965,GSM7908562: YPS163 NaCl stress Rep1; Saccharomyces cerevisiae; RNA-Seq,Saccharomyces cerevisiae,Illumina HiSeq 4000,"Lewis Lab, Biological Sciences, University of Arka",SRP472901,Natural variation in yeast reveals multiple paths for acquiring higher stress resistance,SRS19584030,,403.02,1,18844543,942227150,GSM7908562,RNA-Seq,TRANSCRIPTOMIC,cDNA
SRX22576468,SRR26881964,GSM7908561: YPS163 unstressed Rep3; Saccharomyces cerevisiae; RNA-Seq,Saccharomyces cerevisiae,Illumina HiSeq 4000,"Lewis Lab, Biological Sciences, University of Arka",SRP472901,Natural variation in yeast reveals multiple paths for acquiring higher stress resistance,SRS19584031,,342.44,1,17190279,859513950,GSM7908561,RNA-Seq,TRANSCRIPTOMIC,cDNA
SRX22576467,SRR26881963,GSM7908560: YPS163 unstressed Rep2; Saccharomyces cerevisiae; RNA-Seq,Saccharomyces cerevisiae,Illumina HiSeq 4000,"Lewis Lab, Biological Sciences, University of Arka",SRP472901,Natural variation in yeast reveals multiple paths for acquiring higher stress resistance,SRS19584029,,333.62,1,17284730,864236500,GSM7908560,RNA-Seq,TRANSCRIPTOMIC,cDNA
SRX22576466,SRR26881962,GSM7908559: YPS163 unstressed Rep1; Saccharomyces cerevisiae; RNA-Seq,Saccharomyces cerevisiae,Illumina HiSeq 4000,"Lewis Lab, Biological Sciences, University of Arka",SRP472901,Natural variation in yeast reveals multiple paths for acquiring higher stress resistance,SRS19584028,,289.72,1,13519279,675963950,GSM7908559,RNA-Seq,TRANSCRIPTOMIC,cDNA
SRX22576465,SRR26881971,GSM7908558: YPS163 ethanol stress Rep3; Saccharomyces cerevisiae; RNA-Seq,Saccharomyces cerevisiae,Illumina HiSeq 4000,"Lewis Lab, Biological Sciences, University of Arka",SRP472901,Natural variation in yeast reveals multiple paths for acquiring higher stress resistance,SRS19584027,,321.77,1,16171617,808580850,GSM7908558,RNA-Seq,TRANSCRIPTOMIC,cDNA
SRX22576464,SRR26881970,GSM7908557: YPS163 ethanol stress Rep2; Saccharomyces cerevisiae; RNA-Seq,Saccharomyces cerevisiae,Illumina HiSeq 4000,"Lewis Lab, Biological Sciences, University of Arka",SRP472901,Natural variation in yeast reveals multiple paths for acquiring higher stress resistance,SRS19584026,,331.64,1,17126257,856312850,GSM7908557,RNA-Seq,TRANSCRIPTOMIC,cDNA
SRX22576463,SRR26881969,GSM7908556: YPS163 ethanol stress Rep1; Saccharomyces cerevisiae; RNA-Seq,Saccharomyces cerevisiae,Illumina HiSeq 4000,"Lewis Lab, Biological Sciences, University of Arka",SRP472901,Natural variation in yeast reveals multiple paths for acquiring higher stress resistance,SRS19584025,,383.66,1,19275604,963780200,GSM7908556,RNA-Seq,TRANSCRIPTOMIC,cDNA
SRX22576462,SRR26881968,GSM7908555: YJM308 NaCl stress Rep3; Saccharomyces cerevisiae; RNA-Seq,Saccharomyces cerevisiae,Illumina HiSeq 4000,"Lewis Lab, Biological Sciences, University of Arka",SRP472901,Natural variation in yeast reveals multiple paths for acquiring higher stress resistance,SRS19584024,,283.48,1,13188722,659436100,GSM7908555,RNA-Seq,TRANSCRIPTOMIC,cDNA
SRX22576461,SRR26881967,GSM7908554: YJM308 NaCl stress Rep2; Saccharomyces cerevisiae; RNA-Seq,Saccharomyces cerevisiae,Illumina HiSeq 4000,"Lewis Lab, Biological Sciences, University of Arka",SRP472901,Natural variation in yeast reveals multiple paths for acquiring higher stress resistance,SRS19584023,,328.93,1,16513570,825678500,GSM7908554,RNA-Seq,TRANSCRIPTOMIC,cDNA
SRX22576460,SRR26881976,GSM7908553: YJM308 NaCl stress Rep1; Saccharomyces cerevisiae; RNA-Seq,Saccharomyces cerevisiae,Illumina HiSeq 4000,"Lewis Lab, Biological Sciences, University of Arka",SRP472901,Natural variation in yeast reveals multiple paths for acquiring higher stress resistance,SRS19584022,,258.47,1,13284345,664217250,GSM7908553,RNA-Seq,TRANSCRIPTOMIC,cDNA
SRX22576459,SRR26881975,GSM7908600: YPS606 TF WT ethanol stress Rep3; Saccharomyces cerevisiae; RNA-Seq,Saccharomyces cerevisiae,Illumina HiSeq 4000,"Lewis Lab, Biological Sciences, University of Arka",SRP472901,Natural variation in yeast reveals multiple paths for acquiring higher stress resistance,SRS19584021,,334.81,1,18594152,948301752,GSM7908600,RNA-Seq,TRANSCRIPTOMIC,cDNA
SRX22576458,SRR26881974,GSM7908599: YPS606 TF WT ethanol stress Rep2; Saccharomyces cerevisiae; RNA-Seq,Saccharomyces cerevisiae,Illumina HiSeq 4000,"Lewis Lab, Biological Sciences, University of Arka",SRP472901,Natural variation in yeast reveals multiple paths for acquiring higher stress resistance,SRS19584020,,332.73,1,18534722,926736100,GSM7908599,RNA-Seq,TRANSCRIPTOMIC,cDNA
SRX22576457,SRR26881973,GSM7908598: YPS606 TF WT ethanol stress Rep1; Saccharomyces cerevisiae; RNA-Seq,Saccharomyces cerevisiae,Illumina HiSeq 4000,"Lewis Lab, Biological Sciences, University of Arka",SRP472901,Natural variation in yeast reveals multiple paths for acquiring higher stress resistance,SRS19584019,,337.03,1,18801912,940095600,GSM7908598,RNA-Seq,TRANSCRIPTOMIC,cDNA
SRX22576456,SRR26881972,GSM7908597: YPS606 TF skn7 mutant NaCl stress Rep4; Saccharomyces cerevisiae; RNA-Seq,Saccharomyces cerevisiae,Illumina HiSeq 4000,"Lewis Lab, Biological Sciences, University of Arka",SRP472901,Natural variation in yeast reveals multiple paths for acquiring higher stress resistance,SRS19584018,,223.8,1,12246500,624571500,GSM7908597,RNA-Seq,TRANSCRIPTOMIC,cDNA
SRX22576455,SRR26881981,GSM7908596: YPS606 TF skn7 mutant NaCl stress Rep3; Saccharomyces cerevisiae; RNA-Seq,Saccharomyces cerevisiae,Illumina HiSeq 4000,"Lewis Lab, Biological Sciences, University of Arka",SRP472901,Natural variation in yeast reveals multiple paths for acquiring higher stress resistance,SRS19584017,,321.73,1,17780172,906788772,GSM7908596,RNA-Seq,TRANSCRIPTOMIC,cDNA
SRX22576454,SRR26881980,GSM7908595: YPS606 TF skn7 mutant NaCl stress Rep2; Saccharomyces cerevisiae; RNA-Seq,Saccharomyces cerevisiae,Illumina HiSeq 4000,"Lewis Lab, Biological Sciences, University of Arka",SRP472901,Natural variation in yeast reveals multiple paths for acquiring higher stress resistance,SRS19584016,,301.32,1,16739387,836969350,GSM7908595,RNA-Seq,TRANSCRIPTOMIC,cDNA
SRX22576453,SRR26881979,GSM7908594: YPS606 TF skn7 mutant NaCl stress Rep1; Saccharomyces cerevisiae; RNA-Seq,Saccharomyces cerevisiae,Illumina HiSeq 4000,"Lewis Lab, Biological Sciences, University of Arka",SRP472901,Natural variation in yeast reveals multiple paths for acquiring higher stress resistance,SRS19584015,,236.55,1,13109784,655489200,GSM7908594,RNA-Seq,TRANSCRIPTOMIC,cDNA
SRX22576452,SRR26881978,GSM7908593: YPS606 TF skn7 mutant unstressed Rep4; Saccharomyces cerevisiae; RNA-Seq,Saccharomyces cerevisiae,Illumina HiSeq 4000,"Lewis Lab, Biological Sciences, University of Arka",SRP472901,Natural variation in yeast reveals multiple paths for acquiring higher stress resistance,SRS19584014,,313.35,1,17339323,884305473,GSM7908593,RNA-Seq,TRANSCRIPTOMIC,cDNA
SRX22576451,SRR26881977,GSM7908592: YPS606 TF skn7 mutant unstressed Rep3; Saccharomyces cerevisiae; RNA-Seq,Saccharomyces cerevisiae,Illumina HiSeq 4000,"Lewis Lab, Biological Sciences, University of Arka",SRP472901,Natural variation in yeast reveals multiple paths for acquiring higher stress resistance,SRS19584013,,279.54,1,15439036,787390836,GSM7908592,RNA-Seq,TRANSCRIPTOMIC,cDNA
SRX22576450,SRR26881986,GSM7908591: YPS606 TF skn7 mutant unstressed Rep2; Saccharomyces cerevisiae; RNA-Seq,Saccharomyces cerevisiae,Illumina HiSeq 4000,"Lewis Lab, Biological Sciences, University of Arka",SRP472901,Natural variation in yeast reveals multiple paths for acquiring higher stress resistance,SRS19584012,,281.66,1,15608659,780432950,GSM7908591,RNA-Seq,TRANSCRIPTOMIC,cDNA
SRX22576449,SRR26881985,GSM7908590: YPS606 TF skn7 mutant unstressed Rep1; Saccharomyces cerevisiae; RNA-Seq,Saccharomyces cerevisiae,Illumina HiSeq 4000,"Lewis Lab, Biological Sciences, University of Arka",SRP472901,Natural variation in yeast reveals multiple paths for acquiring higher stress resistance,SRS19584011,,314.15,1,17475087,873754350,GSM7908590,RNA-Seq,TRANSCRIPTOMIC,cDNA
SRX22576448,SRR26881984,GSM7908589: YPS606 TF skn7 mutant ethanol stress Rep4; Saccharomyces cerevisiae; RNA-Seq,Saccharomyces cerevisiae,Illumina HiSeq 4000,"Lewis Lab, Biological Sciences, University of Arka",SRP472901,Natural variation in yeast reveals multiple paths for acquiring higher stress resistance,SRS19584010,,292.7,1,16126469,822449919,GSM7908589,RNA-Seq,TRANSCRIPTOMIC,cDNA
SRX22576447,SRR26881983,GSM7908588: YPS606 TF skn7 mutant ethanol stress Rep3; Saccharomyces cerevisiae; RNA-Seq,Saccharomyces cerevisiae,Illumina HiSeq 4000,"Lewis Lab, Biological Sciences, University of Arka",SRP472901,Natural variation in yeast reveals multiple paths for acquiring higher stress resistance,SRS19584009,,345.94,1,19103315,974269065,GSM7908588,RNA-Seq,TRANSCRIPTOMIC,cDNA
SRX22576446,SRR26881982,GSM7908587: YPS606 TF skn7 mutant ethanol stress Rep2; Saccharomyces cerevisiae; RNA-Seq,Saccharomyces cerevisiae,Illumina HiSeq 4000,"Lewis Lab, Biological Sciences, University of Arka",SRP472901,Natural variation in yeast reveals multiple paths for acquiring higher stress resistance,SRS19584008,,313.58,1,17406184,870309200,GSM7908587,RNA-Seq,TRANSCRIPTOMIC,cDNA
SRX22576445,SRR26881991,GSM7908586: YPS606 TF skn7 mutant ethanol stress Rep1; Saccharomyces cerevisiae; RNA-Seq,Saccharomyces cerevisiae,Illumina HiSeq 4000,"Lewis Lab, Biological Sciences, University of Arka",SRP472901,Natural variation in yeast reveals multiple paths for acquiring higher stress resistance,SRS19584006,,273.26,1,15091662,754583100,GSM7908586,RNA-Seq,TRANSCRIPTOMIC,cDNA
SRX22576444,SRR26881990,GSM7908585: YPS606 TF msn2/4 mutant NaCl stress Rep4; Saccharomyces cerevisiae; RNA-Seq,Saccharomyces cerevisiae,Illumina HiSeq 4000,"Lewis Lab, Biological Sciences, University of Arka",SRP472901,Natural variation in yeast reveals multiple paths for acquiring higher stress resistance,SRS19584007,,370.84,1,20501500,1045576500,GSM7908585,RNA-Seq,TRANSCRIPTOMIC,cDNA
SRX22576443,SRR26881989,GSM7908536: Y10 NaCl stress Rep1; Saccharomyces cerevisiae; RNA-Seq,Saccharomyces cerevisiae,Illumina HiSeq 4000,"Lewis Lab, Biological Sciences, University of Arka",SRP472901,Natural variation in yeast reveals multiple paths for acquiring higher stress resistance,SRS19584005,,253.82,1,12715209,635760450,GSM7908536,RNA-Seq,TRANSCRIPTOMIC,cDNA
SRX22576442,SRR26881987,GSM7908535: Y10 ethanol stress Rep3; Saccharomyces cerevisiae; RNA-Seq,Saccharomyces cerevisiae,Illumina HiSeq 4000,"Lewis Lab, Biological Sciences, University of Arka",SRP472901,Natural variation in yeast reveals multiple paths for acquiring higher stress resistance,SRS19584004,,247.31,1,12698022,634901100,GSM7908535,RNA-Seq,TRANSCRIPTOMIC,cDNA
SRX22576441,SRR26881988,GSM7908534: Y10 unstressed Rep3; Saccharomyces cerevisiae; RNA-Seq,Saccharomyces cerevisiae,Illumina HiSeq 4000,"Lewis Lab, Biological Sciences, University of Arka",SRP472901,Natural variation in yeast reveals multiple paths for acquiring higher stress resistance,SRS19584002,,277.38,1,12865951,643297550,GSM7908534,RNA-Seq,TRANSCRIPTOMIC,cDNA
SRX22576440,SRR26881996,GSM7908533: Y10 unstressed Rep2; Saccharomyces cerevisiae; RNA-Seq,Saccharomyces cerevisiae,Illumina HiSeq 4000,"Lewis Lab, Biological Sciences, University of Arka",SRP472901,Natural variation in yeast reveals multiple paths for acquiring higher stress resistance,SRS19584003,,282.85,1,14117632,705881600,GSM7908533,RNA-Seq,TRANSCRIPTOMIC,cDNA
SRX22576439,SRR26881995,GSM7908532: Y10 unstressed Rep1; Saccharomyces cerevisiae; RNA-Seq,Saccharomyces cerevisiae,Illumina HiSeq 4000,"Lewis Lab, Biological Sciences, University of Arka",SRP472901,Natural variation in yeast reveals multiple paths for acquiring higher stress resistance,SRS19584001,,262.35,1,13444762,672238100,GSM7908532,RNA-Seq,TRANSCRIPTOMIC,cDNA
SRX22576438,SRR26881994,GSM7908531: Y10 ethanol stress Rep2; Saccharomyces cerevisiae; RNA-Seq,Saccharomyces cerevisiae,Illumina HiSeq 4000,"Lewis Lab, Biological Sciences, University of Arka",SRP472901,Natural variation in yeast reveals multiple paths for acquiring higher stress resistance,SRS19584000,,255.45,1,12800412,640020600,GSM7908531,RNA-Seq,TRANSCRIPTOMIC,cDNA
SRX22576437,SRR26881993,GSM7908530: Y10 ethanol stress Rep1; Saccharomyces cerevisiae; RNA-Seq,Saccharomyces cerevisiae,Illumina HiSeq 4000,"Lewis Lab, Biological Sciences, University of Arka",SRP472901,Natural variation in yeast reveals multiple paths for acquiring higher stress resistance,SRS19583999,,359.43,1,18558451,927922550,GSM7908530,RNA-Seq,TRANSCRIPTOMIC,cDNA
SRX22576436,SRR26881992,GSM7908529: M22 NaCl stress Rep3; Saccharomyces cerevisiae; RNA-Seq,Saccharomyces cerevisiae,Illumina HiSeq 4000,"Lewis Lab, Biological Sciences, University of Arka",SRP472901,Natural variation in yeast reveals multiple paths for acquiring higher stress resistance,SRS19583998,,330.2,1,15410390,770519500,GSM7908529,RNA-Seq,TRANSCRIPTOMIC,cDNA
SRX22576435,SRR26882001,GSM7908528: M22 NaCl stress Rep2; Saccharomyces cerevisiae; RNA-Seq,Saccharomyces cerevisiae,Illumina HiSeq 4000,"Lewis Lab, Biological Sciences, University of Arka",SRP472901,Natural variation in yeast reveals multiple paths for acquiring higher stress resistance,SRS19583997,,321.4,1,16133868,806693400,GSM7908528,RNA-Seq,TRANSCRIPTOMIC,cDNA
SRX22576434,SRR26882000,GSM7908527: M22 NaCl stress Rep1; Saccharomyces cerevisiae; RNA-Seq,Saccharomyces cerevisiae,Illumina HiSeq 4000,"Lewis Lab, Biological Sciences, University of Arka",SRP472901,Natural variation in yeast reveals multiple paths for acquiring higher stress resistance,SRS19583996,,327.9,1,16901274,845063700,GSM7908527,RNA-Seq,TRANSCRIPTOMIC,cDNA
SRX22576433,SRR26881999,GSM7908526: M22 unstressed Rep3; Saccharomyces cerevisiae; RNA-Seq,Saccharomyces cerevisiae,Illumina HiSeq 4000,"Lewis Lab, Biological Sciences, University of Arka",SRP472901,Natural variation in yeast reveals multiple paths for acquiring higher stress resistance,SRS19583995,,293.57,1,13613685,680684250,GSM7908526,RNA-Seq,TRANSCRIPTOMIC,cDNA
SRX22576432,SRR26881998,GSM7908525: M22 unstressed Rep2; Saccharomyces cerevisiae; RNA-Seq,Saccharomyces cerevisiae,Illumina HiSeq 4000,"Lewis Lab, Biological Sciences, University of Arka",SRP472901,Natural variation in yeast reveals multiple paths for acquiring higher stress resistance,SRS19583994,,268.03,1,13415374,670768700,GSM7908525,RNA-Seq,TRANSCRIPTOMIC,cDNA
SRX22576431,SRR26881997,GSM7908524: M22 unstressed Rep1; Saccharomyces cerevisiae; RNA-Seq,Saccharomyces cerevisiae,Illumina HiSeq 4000,"Lewis Lab, Biological Sciences, University of Arka",SRP472901,Natural variation in yeast reveals multiple paths for acquiring higher stress resistance,SRS19583993,,349.33,1,18039845,901992250,GSM7908524,RNA-Seq,TRANSCRIPTOMIC,cDNA
SRX22576430,SRR26882004,GSM7908523: M22 ethanol stress Rep3; Saccharomyces cerevisiae; RNA-Seq,Saccharomyces cerevisiae,Illumina HiSeq 4000,"Lewis Lab, Biological Sciences, University of Arka",SRP472901,Natural variation in yeast reveals multiple paths for acquiring higher stress resistance,SRS19583992,,313.29,1,14598332,729916600,GSM7908523,RNA-Seq,TRANSCRIPTOMIC,cDNA
SRX22576429,SRR26882003,GSM7908522: M22 ethanol stress Rep2; Saccharomyces cerevisiae; RNA-Seq,Saccharomyces cerevisiae,Illumina HiSeq 4000,"Lewis Lab, Biological Sciences, University of Arka",SRP472901,Natural variation in yeast reveals multiple paths for acquiring higher stress resistance,SRS19583991,,272.36,1,13669693,683484650,GSM7908522,RNA-Seq,TRANSCRIPTOMIC,cDNA
SRX22576428,SRR26882002,GSM7908521: M22 ethanol stress Rep1; Saccharomyces cerevisiae; RNA-Seq,Saccharomyces cerevisiae,Illumina HiSeq 4000,"Lewis Lab, Biological Sciences, University of Arka",SRP472901,Natural variation in yeast reveals multiple paths for acquiring higher stress resistance,SRS19583990,,404.61,1,20920913,1046045650,GSM7908521,RNA-Seq,TRANSCRIPTOMIC,cDNA
SRX22576427,SRR26882006,GSM7908584: YPS606 TF msn2/4 mutant NaCl stress Rep3; Saccharomyces cerevisiae; RNA-Seq,Saccharomyces cerevisiae,Illumina HiSeq 4000,"Lewis Lab, Biological Sciences, University of Arka",SRP472901,Natural variation in yeast reveals multiple paths for acquiring higher stress resistance,SRS19583989,,254.15,1,13986769,713325219,GSM7908584,RNA-Seq,TRANSCRIPTOMIC,cDNA
SRX22576426,SRR26882005,GSM7908583: YPS606 TF msn2/4 mutant NaCl stress Rep2; Saccharomyces cerevisiae; RNA-Seq,Saccharomyces cerevisiae,Illumina HiSeq 4000,"Lewis Lab, Biological Sciences, University of Arka",SRP472901,Natural variation in yeast reveals multiple paths for acquiring higher stress resistance,SRS19583988,,352.17,1,19665708,983285400,GSM7908583,RNA-Seq,TRANSCRIPTOMIC,cDNA
SRX22576425,SRR26882011,GSM7908582: YPS606 TF msn2/4 mutant NaCl stress Rep1; Saccharomyces cerevisiae; RNA-Seq,Saccharomyces cerevisiae,Illumina HiSeq 4000,"Lewis Lab, Biological Sciences, University of Arka",SRP472901,Natural variation in yeast reveals multiple paths for acquiring higher stress resistance,SRS19583987,,182.12,1,9990813,499540650,GSM7908582,RNA-Seq,TRANSCRIPTOMIC,cDNA
SRX22576424,SRR26882009,GSM7908581: YPS606 TF msn2/4 mutant unstressed Rep4; Saccharomyces cerevisiae; RNA-Seq,Saccharomyces cerevisiae,Illumina HiSeq 4000,"Lewis Lab, Biological Sciences, University of Arka",SRP472901,Natural variation in yeast reveals multiple paths for acquiring higher stress resistance,SRS19583986,,300.12,1,16637871,848531421,GSM7908581,RNA-Seq,TRANSCRIPTOMIC,cDNA
SRX22576423,SRR26882010,GSM7908580: YPS606 TF msn2/4 mutant unstressed Rep3; Saccharomyces cerevisiae; RNA-Seq,Saccharomyces cerevisiae,Illumina HiSeq 4000,"Lewis Lab, Biological Sciences, University of Arka",SRP472901,Natural variation in yeast reveals multiple paths for acquiring higher stress resistance,SRS19583984,,268.89,1,14832789,756472239,GSM7908580,RNA-Seq,TRANSCRIPTOMIC,cDNA
SRX22576422,SRR26882008,GSM7908579: YPS606 TF msn2/4 mutant unstressed Rep2; Saccharomyces cerevisiae; RNA-Seq,Saccharomyces cerevisiae,Illumina HiSeq 4000,"Lewis Lab, Biological Sciences, University of Arka",SRP472901,Natural variation in yeast reveals multiple paths for acquiring higher stress resistance,SRS19583985,,268.75,1,14847690,742384500,GSM7908579,RNA-Seq,TRANSCRIPTOMIC,cDNA
SRX22576421,SRR26882007,GSM7908578: YPS606 TF msn2/4 mutant unstressed Rep1; Saccharomyces cerevisiae; RNA-Seq,Saccharomyces cerevisiae,Illumina HiSeq 4000,"Lewis Lab, Biological Sciences, University of Arka",SRP472901,Natural variation in yeast reveals multiple paths for acquiring higher stress resistance,SRS19583983,,284.58,1,15737679,786883950,GSM7908578,RNA-Seq,TRANSCRIPTOMIC,cDNA
SRX22576420,SRR26882016,GSM7908577: YPS606 TF msn2/4 mutant ethanol stress Rep4; Saccharomyces cerevisiae; RNA-Seq,Saccharomyces cerevisiae,Illumina HiSeq 4000,"Lewis Lab, Biological Sciences, University of Arka",SRP472901,Natural variation in yeast reveals multiple paths for acquiring higher stress resistance,SRS19583982,,373.08,1,20772673,1059406323,GSM7908577,RNA-Seq,TRANSCRIPTOMIC,cDNA
SRX22576419,SRR26882015,GSM7908576: YPS606 TF msn2/4 mutant ethanol stress Rep3; Saccharomyces cerevisiae; RNA-Seq,Saccharomyces cerevisiae,Illumina HiSeq 4000,"Lewis Lab, Biological Sciences, University of Arka",SRP472901,Natural variation in yeast reveals multiple paths for acquiring higher stress resistance,SRS19583981,,301.85,1,16694675,851428425,GSM7908576,RNA-Seq,TRANSCRIPTOMIC,cDNA
SRX22576418,SRR26882014,GSM7908575: YPS606 TF msn2/4 mutant ethanol stress Rep2; Saccharomyces cerevisiae; RNA-Seq,Saccharomyces cerevisiae,Illumina HiSeq 4000,"Lewis Lab, Biological Sciences, University of Arka",SRP472901,Natural variation in yeast reveals multiple paths for acquiring higher stress resistance,SRS19583980,,315.64,1,17556592,877829600,GSM7908575,RNA-Seq,TRANSCRIPTOMIC,cDNA
SRX22576417,SRR26882013,GSM7908574: YPS606 TF msn2/4 mutant ethanol stress Rep1; Saccharomyces cerevisiae; RNA-Seq,Saccharomyces cerevisiae,Illumina HiSeq 4000,"Lewis Lab, Biological Sciences, University of Arka",SRP472901,Natural variation in yeast reveals multiple paths for acquiring higher stress resistance,SRS19583979,,391.24,1,21866667,1093333350,GSM7908574,RNA-Seq,TRANSCRIPTOMIC,cDNA
SRX22576416,SRR26882012,GSM7908573: YPS606 NaCl stress Rep3; Saccharomyces cerevisiae; RNA-Seq,Saccharomyces cerevisiae,Illumina HiSeq 4000,"Lewis Lab, Biological Sciences, University of Arka",SRP472901,Natural variation in yeast reveals multiple paths for acquiring higher stress resistance,SRS19583978,,244.74,1,11317657,565882850,GSM7908573,RNA-Seq,TRANSCRIPTOMIC,cDNA
SRX22576415,SRR26882021,GSM7908572: YPS606 NaCl stress Rep2; Saccharomyces cerevisiae; RNA-Seq,Saccharomyces cerevisiae,Illumina HiSeq 4000,"Lewis Lab, Biological Sciences, University of Arka",SRP472901,Natural variation in yeast reveals multiple paths for acquiring higher stress resistance,SRS19583977,,280.19,1,14321813,716090650,GSM7908572,RNA-Seq,TRANSCRIPTOMIC,cDNA
SRX22576414,SRR26882020,GSM7908571: YPS606 NaCl stress Rep1; Saccharomyces cerevisiae; RNA-Seq,Saccharomyces cerevisiae,Illumina HiSeq 4000,"Lewis Lab, Biological Sciences, University of Arka",SRP472901,Natural variation in yeast reveals multiple paths for acquiring higher stress resistance,SRS19583976,,288.53,1,13428716,671435800,GSM7908571,RNA-Seq,TRANSCRIPTOMIC,cDNA
SRX22576413,SRR26882019,GSM7908570: YPS606 unstressed Rep3; Saccharomyces cerevisiae; RNA-Seq,Saccharomyces cerevisiae,Illumina HiSeq 4000,"Lewis Lab, Biological Sciences, University of Arka",SRP472901,Natural variation in yeast reveals multiple paths for acquiring higher stress resistance,SRS19583975,,196.72,1,9789227,489461350,GSM7908570,RNA-Seq,TRANSCRIPTOMIC,cDNA
SRX22576412,SRR26882018,GSM7908569: YPS606 unstressed Rep2; Saccharomyces cerevisiae; RNA-Seq,Saccharomyces cerevisiae,Illumina HiSeq 4000,"Lewis Lab, Biological Sciences, University of Arka",SRP472901,Natural variation in yeast reveals multiple paths for acquiring higher stress resistance,SRS19583974,,332.83,1,17215800,860790000,GSM7908569,RNA-Seq,TRANSCRIPTOMIC,cDNA
SRX22576411,SRR26882017,GSM7908520: M1 NaCl stress Rep3; Saccharomyces cerevisiae; RNA-Seq,Saccharomyces cerevisiae,Illumina HiSeq 4000,"Lewis Lab, Biological Sciences, University of Arka",SRP472901,Natural variation in yeast reveals multiple paths for acquiring higher stress resistance,SRS19583973,,355.79,1,16637181,831859050,GSM7908520,RNA-Seq,TRANSCRIPTOMIC,cDNA
SRX22576410,SRR26882026,GSM7908519: M1 NaCl stress Rep2; Saccharomyces cerevisiae; RNA-Seq,Saccharomyces cerevisiae,Illumina HiSeq 4000,"Lewis Lab, Biological Sciences, University of Arka",SRP472901,Natural variation in yeast reveals multiple paths for acquiring higher stress resistance,SRS19583972,,260.14,1,13001253,650062650,GSM7908519,RNA-Seq,TRANSCRIPTOMIC,cDNA
SRX22576409,SRR26882025,GSM7908518: M1 NaCl stress Rep1; Saccharomyces cerevisiae; RNA-Seq,Saccharomyces cerevisiae,Illumina HiSeq 4000,"Lewis Lab, Biological Sciences, University of Arka",SRP472901,Natural variation in yeast reveals multiple paths for acquiring higher stress resistance,SRS19583971,,271.92,1,13898069,694903450,GSM7908518,RNA-Seq,TRANSCRIPTOMIC,cDNA
SRX22576408,SRR26882024,GSM7908517: M1 unstressed Rep3; Saccharomyces cerevisiae; RNA-Seq,Saccharomyces cerevisiae,Illumina HiSeq 4000,"Lewis Lab, Biological Sciences, University of Arka",SRP472901,Natural variation in yeast reveals multiple paths for acquiring higher stress resistance,SRS19583970,,375.28,1,17493383,874669150,GSM7908517,RNA-Seq,TRANSCRIPTOMIC,cDNA
SRX22576407,SRR26882023,GSM7908516: M1 unstressed Rep2; Saccharomyces cerevisiae; RNA-Seq,Saccharomyces cerevisiae,Illumina HiSeq 4000,"Lewis Lab, Biological Sciences, University of Arka",SRP472901,Natural variation in yeast reveals multiple paths for acquiring higher stress resistance,SRS19583969,,356.06,1,17942169,897108450,GSM7908516,RNA-Seq,TRANSCRIPTOMIC,cDNA
SRX22576406,SRR26882022,GSM7908515: M1 unstressed Rep1; Saccharomyces cerevisiae; RNA-Seq,Saccharomyces cerevisiae,Illumina HiSeq 4000,"Lewis Lab, Biological Sciences, University of Arka",SRP472901,Natural variation in yeast reveals multiple paths for acquiring higher stress resistance,SRS19583968,,280.42,1,14377658,718882900,GSM7908515,RNA-Seq,TRANSCRIPTOMIC,cDNA
SRX22576405,SRR26882031,GSM7908514: M1 ethanol stress Rep3; Saccharomyces cerevisiae; RNA-Seq,Saccharomyces cerevisiae,Illumina HiSeq 4000,"Lewis Lab, Biological Sciences, University of Arka",SRP472901,Natural variation in yeast reveals multiple paths for acquiring higher stress resistance,SRS19583967,,311.58,1,14535358,726767900,GSM7908514,RNA-Seq,TRANSCRIPTOMIC,cDNA
SRX22576404,SRR26882030,GSM7908513: M1 ethanol stress Rep2; Saccharomyces cerevisiae; RNA-Seq,Saccharomyces cerevisiae,Illumina HiSeq 4000,"Lewis Lab, Biological Sciences, University of Arka",SRP472901,Natural variation in yeast reveals multiple paths for acquiring higher stress resistance,SRS19583966,,306.15,1,15361988,768099400,GSM7908513,RNA-Seq,TRANSCRIPTOMIC,cDNA
SRX22576403,SRR26882029,GSM7908512: M1 ethanol stress Rep1; Saccharomyces cerevisiae; RNA-Seq,Saccharomyces cerevisiae,Illumina HiSeq 4000,"Lewis Lab, Biological Sciences, University of Arka",SRP472901,Natural variation in yeast reveals multiple paths for acquiring higher stress resistance,SRS19583965,,350.51,1,18089123,904456150,GSM7908512,RNA-Seq,TRANSCRIPTOMIC,cDNA
SRX22576402,SRR26882028,GSM7908511: DBY8268 NaCl stress Rep3; Saccharomyces cerevisiae; RNA-Seq,Saccharomyces cerevisiae,Illumina HiSeq 4000,"Lewis Lab, Biological Sciences, University of Arka",SRP472901,Natural variation in yeast reveals multiple paths for acquiring higher stress resistance,SRS19583964,,362.87,1,16864946,843247300,GSM7908511,RNA-Seq,TRANSCRIPTOMIC,cDNA
SRX22576401,SRR26882027,GSM7908510: DBY8268 NaCl stress Rep2; Saccharomyces cerevisiae; RNA-Seq,Saccharomyces cerevisiae,Illumina HiSeq 4000,"Lewis Lab, Biological Sciences, University of Arka",SRP472901,Natural variation in yeast reveals multiple paths for acquiring higher stress resistance,SRS19583963,,325.48,1,16301212,815060600,GSM7908510,RNA-Seq,TRANSCRIPTOMIC,cDNA
SRX22576400,SRR26882036,GSM7908509: DBY8268 NaCl stress Rep1; Saccharomyces cerevisiae; RNA-Seq,Saccharomyces cerevisiae,Illumina HiSeq 4000,"Lewis Lab, Biological Sciences, University of Arka",SRP472901,Natural variation in yeast reveals multiple paths for acquiring higher stress resistance,SRS19583962,,331.72,1,17050259,852512950,GSM7908509,RNA-Seq,TRANSCRIPTOMIC,cDNA
SRX22576399,SRR26882035,GSM7908508: DBY8268 unstressed Rep3; Saccharomyces cerevisiae; RNA-Seq,Saccharomyces cerevisiae,Illumina HiSeq 4000,"Lewis Lab, Biological Sciences, University of Arka",SRP472901,Natural variation in yeast reveals multiple paths for acquiring higher stress resistance,SRS19583961,,279.25,1,13021449,651072450,GSM7908508,RNA-Seq,TRANSCRIPTOMIC,cDNA
SRX22576398,SRR26882034,GSM7908507: DBY8268 unstressed Rep2; Saccharomyces cerevisiae; RNA-Seq,Saccharomyces cerevisiae,Illumina HiSeq 4000,"Lewis Lab, Biological Sciences, University of Arka",SRP472901,Natural variation in yeast reveals multiple paths for acquiring higher stress resistance,SRS19583960,,330.62,1,16669509,833475450,GSM7908507,RNA-Seq,TRANSCRIPTOMIC,cDNA
SRX22576397,SRR26882033,GSM7908506: DBY8268 unstressed Rep1; Saccharomyces cerevisiae; RNA-Seq,Saccharomyces cerevisiae,Illumina HiSeq 4000,"Lewis Lab, Biological Sciences, University of Arka",SRP472901,Natural variation in yeast reveals multiple paths for acquiring higher stress resistance,SRS19583959,,242.86,1,12487266,624363300,GSM7908506,RNA-Seq,TRANSCRIPTOMIC,cDNA
SRX22576396,SRR26882032,GSM7908505: DBY8268 ethanol stress Rep3; Saccharomyces cerevisiae; RNA-Seq,Saccharomyces cerevisiae,Illumina HiSeq 4000,"Lewis Lab, Biological Sciences, University of Arka",SRP472901,Natural variation in yeast reveals multiple paths for acquiring higher stress resistance,SRS19583958,,300.72,1,14024544,701227200,GSM7908505,RNA-Seq,TRANSCRIPTOMIC,cDNA
SRX22576395,SRR26882041,GSM7908616: YPS606 TF yap1 mutant unstressed Rep3; Saccharomyces cerevisiae; RNA-Seq,Saccharomyces cerevisiae,Illumina HiSeq 4000,"Lewis Lab, Biological Sciences, University of Arka",SRP472901,Natural variation in yeast reveals multiple paths for acquiring higher stress resistance,SRS19583957,,371.9,1,20578730,1049515230,GSM7908616,RNA-Seq,TRANSCRIPTOMIC,cDNA
SRX22576394,SRR26882040,GSM7908615: YPS606 TF yap1 mutant unstressed Rep2; Saccharomyces cerevisiae; RNA-Seq,Saccharomyces cerevisiae,Illumina HiSeq 4000,"Lewis Lab, Biological Sciences, University of Arka",SRP472901,Natural variation in yeast reveals multiple paths for acquiring higher stress resistance,SRS19583956,,286.27,1,15853403,792670150,GSM7908615,RNA-Seq,TRANSCRIPTOMIC,cDNA
SRX22576393,SRR26882039,GSM7908614: YPS606 TF yap1 mutant unstressed Rep1; Saccharomyces cerevisiae; RNA-Seq,Saccharomyces cerevisiae,Illumina HiSeq 4000,"Lewis Lab, Biological Sciences, University of Arka",SRP472901,Natural variation in yeast reveals multiple paths for acquiring higher stress resistance,SRS19583955,,263.25,1,14542116,727105800,GSM7908614,RNA-Seq,TRANSCRIPTOMIC,cDNA
SRX22576392,SRR26882038,GSM7908613: YPS606 TF yap1 mutant ethanol stress Rep4; Saccharomyces cerevisiae; RNA-Seq,Saccharomyces cerevisiae,Illumina HiSeq 4000,"Lewis Lab, Biological Sciences, University of Arka",SRP472901,Natural variation in yeast reveals multiple paths for acquiring higher stress resistance,SRS19583954,,258.59,1,14285847,728578197,GSM7908613,RNA-Seq,TRANSCRIPTOMIC,cDNA
SRX22576391,SRR26882037,GSM7908612: YPS606 TF yap1 mutant ethanol stress Rep3; Saccharomyces cerevisiae; RNA-Seq,Saccharomyces cerevisiae,Illumina HiSeq 4000,"Lewis Lab, Biological Sciences, University of Arka",SRP472901,Natural variation in yeast reveals multiple paths for acquiring higher stress resistance,SRS19583953,,291.41,1,16072912,819718512,GSM7908612,RNA-Seq,TRANSCRIPTOMIC,cDNA
SRX22576390,SRR26882045,GSM7908611: YPS606 TF yap1 mutant ethanol stress Rep2; Saccharomyces cerevisiae; RNA-Seq,Saccharomyces cerevisiae,Illumina HiSeq 4000,"Lewis Lab, Biological Sciences, University of Arka",SRP472901,Natural variation in yeast reveals multiple paths for acquiring higher stress resistance,SRS19583952,,285.72,1,15768440,788422000,GSM7908611,RNA-Seq,TRANSCRIPTOMIC,cDNA
SRX22576389,SRR26882046,GSM7908610: YPS606 TF yap1 mutant ethanol stress Rep1; Saccharomyces cerevisiae; RNA-Seq,Saccharomyces cerevisiae,Illumina HiSeq 4000,"Lewis Lab, Biological Sciences, University of Arka",SRP472901,Natural variation in yeast reveals multiple paths for acquiring higher stress resistance,SRS19583951,,269.9,1,15008914,750445700,GSM7908610,RNA-Seq,TRANSCRIPTOMIC,cDNA
SRX22576388,SRR26882044,GSM7908609: YPS606 TF WT NaCl stress Rep4; Saccharomyces cerevisiae; RNA-Seq,Saccharomyces cerevisiae,Illumina HiSeq 4000,"Lewis Lab, Biological Sciences, University of Arka",SRP472901,Natural variation in yeast reveals multiple paths for acquiring higher stress resistance,SRS19583950,,322.32,1,17786002,907086102,GSM7908609,RNA-Seq,TRANSCRIPTOMIC,cDNA
SRX22576387,SRR26882043,GSM7908608: YPS606 TF WT NaCl stress Rep3; Saccharomyces cerevisiae; RNA-Seq,Saccharomyces cerevisiae,Illumina HiSeq 4000,"Lewis Lab, Biological Sciences, University of Arka",SRP472901,Natural variation in yeast reveals multiple paths for acquiring higher stress resistance,SRS19583948,,331.82,1,18227972,929626572,GSM7908608,RNA-Seq,TRANSCRIPTOMIC,cDNA
SRX22576386,SRR26882042,GSM7908607: YPS606 TF WT NaCl stress Rep2; Saccharomyces cerevisiae; RNA-Seq,Saccharomyces cerevisiae,Illumina HiSeq 4000,"Lewis Lab, Biological Sciences, University of Arka",SRP472901,Natural variation in yeast reveals multiple paths for acquiring higher stress resistance,SRS19583949,,359.8,1,20081745,1004087250,GSM7908607,RNA-Seq,TRANSCRIPTOMIC,cDNA
SRX22576385,SRR26882051,GSM7908606: YPS606 TF WT NaCl stress Rep1; Saccharomyces cerevisiae; RNA-Seq,Saccharomyces cerevisiae,Illumina HiSeq 4000,"Lewis Lab, Biological Sciences, University of Arka",SRP472901,Natural variation in yeast reveals multiple paths for acquiring higher stress resistance,SRS19583947,,278.47,1,15419978,770998900,GSM7908606,RNA-Seq,TRANSCRIPTOMIC,cDNA
SRX22576384,SRR26882050,GSM7908605: YPS606 TF WT unstressed Rep4; Saccharomyces cerevisiae; RNA-Seq,Saccharomyces cerevisiae,Illumina HiSeq 4000,"Lewis Lab, Biological Sciences, University of Arka",SRP472901,Natural variation in yeast reveals multiple paths for acquiring higher stress resistance,SRS19583946,,355.48,1,19741563,1006819713,GSM7908605,RNA-Seq,TRANSCRIPTOMIC,cDNA
SRX22576383,SRR26882049,GSM7908604: YPS606 TF WT unstressed Rep3; Saccharomyces cerevisiae; RNA-Seq,Saccharomyces cerevisiae,Illumina HiSeq 4000,"Lewis Lab, Biological Sciences, University of Arka",SRP472901,Natural variation in yeast reveals multiple paths for acquiring higher stress resistance,SRS19583945,,308.07,1,17030561,868558611,GSM7908604,RNA-Seq,TRANSCRIPTOMIC,cDNA
SRX22576382,SRR26882048,GSM7908603: YPS606 TF WT unstressed Rep2; Saccharomyces cerevisiae; RNA-Seq,Saccharomyces cerevisiae,Illumina HiSeq 4000,"Lewis Lab, Biological Sciences, University of Arka",SRP472901,Natural variation in yeast reveals multiple paths for acquiring higher stress resistance,SRS19583944,,298.53,1,16520322,826016100,GSM7908603,RNA-Seq,TRANSCRIPTOMIC,cDNA
SRX22576381,SRR26882047,GSM7908602: YPS606 TF WT unstressed Rep1; Saccharomyces cerevisiae; RNA-Seq,Saccharomyces cerevisiae,Illumina HiSeq 4000,"Lewis Lab, Biological Sciences, University of Arka",SRP472901,Natural variation in yeast reveals multiple paths for acquiring higher stress resistance,SRS19583943,,310.57,1,17227368,861368400,GSM7908602,RNA-Seq,TRANSCRIPTOMIC,cDNA
SRX22576380,SRR26882056,GSM7908601: YPS606 TF WT ethanol stress Rep4; Saccharomyces cerevisiae; RNA-Seq,Saccharomyces cerevisiae,Illumina HiSeq 4000,"Lewis Lab, Biological Sciences, University of Arka",SRP472901,Natural variation in yeast reveals multiple paths for acquiring higher stress resistance,SRS19583942,,275.24,1,15187899,774582849,GSM7908601,RNA-Seq,TRANSCRIPTOMIC,cDNA
SRX22576379,SRR26882055,GSM7908552: YJM308 unstressed Rep3; Saccharomyces cerevisiae; RNA-Seq,Saccharomyces cerevisiae,Illumina HiSeq 4000,"Lewis Lab, Biological Sciences, University of Arka",SRP472901,Natural variation in yeast reveals multiple paths for acquiring higher stress resistance,SRS19583941,,310.95,1,14472668,723633400,GSM7908552,RNA-Seq,TRANSCRIPTOMIC,cDNA
SRX22576378,SRR26882054,GSM7908551: YJM308 unstressed Rep2; Saccharomyces cerevisiae; RNA-Seq,Saccharomyces cerevisiae,Illumina HiSeq 4000,"Lewis Lab, Biological Sciences, University of Arka",SRP472901,Natural variation in yeast reveals multiple paths for acquiring higher stress resistance,SRS19583940,,269.64,1,13436911,671845550,GSM7908551,RNA-Seq,TRANSCRIPTOMIC,cDNA
SRX22576377,SRR26882053,GSM7908550: YJM308 unstressed Rep1; Saccharomyces cerevisiae; RNA-Seq,Saccharomyces cerevisiae,Illumina HiSeq 4000,"Lewis Lab, Biological Sciences, University of Arka",SRP472901,Natural variation in yeast reveals multiple paths for acquiring higher stress resistance,SRS19583939,,282.44,1,14594129,729706450,GSM7908550,RNA-Seq,TRANSCRIPTOMIC,cDNA
SRX22576376,SRR26882052,GSM7908549: YJM308 ethanol stress Rep3; Saccharomyces cerevisiae; RNA-Seq,Saccharomyces cerevisiae,Illumina HiSeq 4000,"Lewis Lab, Biological Sciences, University of Arka",SRP472901,Natural variation in yeast reveals multiple paths for acquiring higher stress resistance,SRS19583938,,279.44,1,13014951,650747550,GSM7908549,RNA-Seq,TRANSCRIPTOMIC,cDNA
SRX22576375,SRR26882061,GSM7908548: YJM308 ethanol stress Rep2; Saccharomyces cerevisiae; RNA-Seq,Saccharomyces cerevisiae,Illumina HiSeq 4000,"Lewis Lab, Biological Sciences, University of Arka",SRP472901,Natural variation in yeast reveals multiple paths for acquiring higher stress resistance,SRS19583937,,300.45,1,15088560,754428000,GSM7908548,RNA-Seq,TRANSCRIPTOMIC,cDNA
SRX22576374,SRR26882060,GSM7908547: YJM308 ethanol stress Rep1; Saccharomyces cerevisiae; RNA-Seq,Saccharomyces cerevisiae,Illumina HiSeq 4000,"Lewis Lab, Biological Sciences, University of Arka",SRP472901,Natural variation in yeast reveals multiple paths for acquiring higher stress resistance,SRS19583936,,288.22,1,14815356,740767800,GSM7908547,RNA-Seq,TRANSCRIPTOMIC,cDNA
SRX22576373,SRR26882059,GSM7908546: YJM1129 NaCl stress Rep3; Saccharomyces cerevisiae; RNA-Seq,Saccharomyces cerevisiae,Illumina HiSeq 4000,"Lewis Lab, Biological Sciences, University of Arka",SRP472901,Natural variation in yeast reveals multiple paths for acquiring higher stress resistance,SRS19583935,,355.54,1,17906447,895322350,GSM7908546,RNA-Seq,TRANSCRIPTOMIC,cDNA
SRX22576372,SRR26882058,GSM7908545: YJM1129 NaCl stress Rep2; Saccharomyces cerevisiae; RNA-Seq,Saccharomyces cerevisiae,Illumina HiSeq 4000,"Lewis Lab, Biological Sciences, University of Arka",SRP472901,Natural variation in yeast reveals multiple paths for acquiring higher stress resistance,SRS19583934,,345.9,1,16175272,808763600,GSM7908545,RNA-Seq,TRANSCRIPTOMIC,cDNA
SRX22576371,SRR26882057,GSM7908544: YJM1129 NaCl stress Rep1; Saccharomyces cerevisiae; RNA-Seq,Saccharomyces cerevisiae,Illumina HiSeq 4000,"Lewis Lab, Biological Sciences, University of Arka",SRP472901,Natural variation in yeast reveals multiple paths for acquiring higher stress resistance,SRS19583933,,289.66,1,14530012,726500600,GSM7908544,RNA-Seq,TRANSCRIPTOMIC,cDNA
SRX22576370,SRR26882066,GSM7908543: YJM1129 unstressed Rep3; Saccharomyces cerevisiae; RNA-Seq,Saccharomyces cerevisiae,Illumina HiSeq 4000,"Lewis Lab, Biological Sciences, University of Arka",SRP472901,Natural variation in yeast reveals multiple paths for acquiring higher stress resistance,SRS19583932,,426.29,1,22093250,1104662500,GSM7908543,RNA-Seq,TRANSCRIPTOMIC,cDNA
SRX22576369,SRR26882065,GSM7908542: YJM1129 unstressed Rep2; Saccharomyces cerevisiae; RNA-Seq,Saccharomyces cerevisiae,Illumina HiSeq 4000,"Lewis Lab, Biological Sciences, University of Arka",SRP472901,Natural variation in yeast reveals multiple paths for acquiring higher stress resistance,SRS19583931,,341.71,1,15913257,795662850,GSM7908542,RNA-Seq,TRANSCRIPTOMIC,cDNA
SRX22576368,SRR26882064,GSM7908541: YJM1129 unstressed Rep1; Saccharomyces cerevisiae; RNA-Seq,Saccharomyces cerevisiae,Illumina HiSeq 4000,"Lewis Lab, Biological Sciences, University of Arka",SRP472901,Natural variation in yeast reveals multiple paths for acquiring higher stress resistance,SRS19583930,,299.82,1,15520884,776044200,GSM7908541,RNA-Seq,TRANSCRIPTOMIC,cDNA
SRX22576367,SRR26882063,GSM7908540: YJM1129 ethanol stress Rep3; Saccharomyces cerevisiae; RNA-Seq,Saccharomyces cerevisiae,Illumina HiSeq 4000,"Lewis Lab, Biological Sciences, University of Arka",SRP472901,Natural variation in yeast reveals multiple paths for acquiring higher stress resistance,SRS19583929,,344.45,1,16094959,804747950,GSM7908540,RNA-Seq,TRANSCRIPTOMIC,cDNA
SRX22576366,SRR26882062,GSM7908539: YJM1129 ethanol stress Rep2; Saccharomyces cerevisiae; RNA-Seq,Saccharomyces cerevisiae,Illumina HiSeq 4000,"Lewis Lab, Biological Sciences, University of Arka",SRP472901,Natural variation in yeast reveals multiple paths for acquiring higher stress resistance,SRS19583928,,244.93,1,12249768,612488400,GSM7908539,RNA-Seq,TRANSCRIPTOMIC,cDNA
SRX22576365,SRR26882070,GSM7908538: YJM1129 ethanol stress Rep1; Saccharomyces cerevisiae; RNA-Seq,Saccharomyces cerevisiae,Illumina HiSeq 4000,"Lewis Lab, Biological Sciences, University of Arka",SRP472901,Natural variation in yeast reveals multiple paths for acquiring higher stress resistance,SRS19583927,,293.94,1,15184126,759206300,GSM7908538,RNA-Seq,TRANSCRIPTOMIC,cDNA
SRX22576364,SRR26882069,GSM7908537: Y10 NaCl stress Rep2; Saccharomyces cerevisiae; RNA-Seq,Saccharomyces cerevisiae,Illumina HiSeq 4000,"Lewis Lab, Biological Sciences, University of Arka",SRP472901,Natural variation in yeast reveals multiple paths for acquiring higher stress resistance,SRS19583926,,284.15,1,13203801,660190050,GSM7908537,RNA-Seq,TRANSCRIPTOMIC,cDNA
SRX22576363,SRR26882068,GSM7908504: DBY8268 ethanol stress Rep2; Saccharomyces cerevisiae; RNA-Seq,Saccharomyces cerevisiae,Illumina HiSeq 4000,"Lewis Lab, Biological Sciences, University of Arka",SRP472901,Natural variation in yeast reveals multiple paths for acquiring higher stress resistance,SRS19583925,,410.38,1,20772641,1038632050,GSM7908504,RNA-Seq,TRANSCRIPTOMIC,cDNA
SRX22576362,SRR26882067,GSM7908503: DBY8268 ethanol stress Rep1; Saccharomyces cerevisiae; RNA-Seq,Saccharomyces cerevisiae,Illumina HiSeq 4000,"Lewis Lab, Biological Sciences, University of Arka",SRP472901,Natural variation in yeast reveals multiple paths for acquiring higher stress resistance,SRS19583924,,281.05,1,14425426,721271300,GSM7908503,RNA-Seq,TRANSCRIPTOMIC,cDNA
